type,dropout,l2,epsilon,test_score
optuna,0.0262762650340566,0.0001670971324329,0.0278848392974865,"[1.2, 1.7, 2.4, 2.9, 3.5, 3.1, 3.1, 3.8, 2.9, 3.2, 3.7, 2.5, 3.8, 3.3, 4.3, 3.4, 4.2, 4.2, 3.1, 3.7, 4.7, 4.2, 3.5, 4.3, 3.4, 4.0, 4.4, 3.3, 4.1, 3.6, 3.7, 3.4, 3.9, 3.1, 3.3, 5.3, 4.6, 4.0, 4.1, 4.0, 4.6, 4.7, 4.9, 5.1, 5.1, 5.3, 5.4, 4.6, 4.9, 5.0, 4.0, 4.5, 5.1, 4.7, 5.3, 4.9, 5.5, 5.2, 5.1, 5.4, 5.9, 4.0, 6.1, 4.4, 4.4, 5.1, 5.5, 4.6, 6.0, 5.3, 5.2, 5.5, 4.2, 5.4, 5.3, 5.5, 5.2, 5.5, 4.7, 5.2, 5.5, 5.4, 5.8, 4.7, 6.0, 5.7, 5.8, 5.7, 5.2, 5.5, 6.3, 5.4, 6.1, 6.5, 6.1, 5.9, 6.2, 6.0, 5.8, 6.2, 6.4, 5.3, 6.2, 6.9, 6.3, 6.1, 5.9, 5.3, 6.5, 6.7, 5.9, 6.2, 6.3, 5.3, 5.4, 5.9, 5.6, 5.3, 6.4, 6.5, 5.5, 6.1, 3.9, 6.5, 5.8, 6.1, 6.0, 6.7, 6.0]"
