dropout,l2,epsilon,test_score,train_score,type
0.01,0.0001,0.01,0.835,0.9,human
0.02205850818932596,0.00022092597096792563,0.05238016312181693,8.3,,optuna
0.08305552048063768,0.00018042731811480608,0.0637688641383858,7.9,,optuna
0.09037140068760015,0.00026995275810065393,0.09620196038384128,8.1,,optuna
0.049769767149141136,0.00027129250226271223,0.014648678884541362,,,optuna